<?xml version="1.0" encoding="UTF-8"?><rss version="2.0"
	xmlns:content="http://purl.org/rss/1.0/modules/content/"
	xmlns:wfw="http://wellformedweb.org/CommentAPI/"
	xmlns:dc="http://purl.org/dc/elements/1.1/"
	xmlns:atom="http://www.w3.org/2005/Atom"
	xmlns:sy="http://purl.org/rss/1.0/modules/syndication/"
	xmlns:slash="http://purl.org/rss/1.0/modules/slash/"
	>

<channel>
	<title>Digital Connection Solutions</title>
	<atom:link href="./index.html" rel="self" type="application/rss+xml" />
	<link>./../index.html</link>
	<description></description>
	<lastBuildDate>Fri, 04 Oct 2024 17:57:17 +0000</lastBuildDate>
	<language>en-US</language>
	<sy:updatePeriod>
	hourly	</sy:updatePeriod>
	<sy:updateFrequency>
	1	</sy:updateFrequency>
	

<image>
	<url>./../wp-content/uploads/2024/10/fav.svg</url>
	<title>Digital Connection Solutions</title>
	<link>./../index.html</link>
	<width>32</width>
	<height>32</height>
</image> 
	<item>
		<title>Hello world!</title>
		<link>./../2024/10/04/hello-world/index.html</link>
					<comments>./../2024/10/04/hello-world/index.html#comments</comments>
		
		<dc:creator><![CDATA[digitalconnectionsolutions]]></dc:creator>
		<pubDate>Fri, 04 Oct 2024 17:57:17 +0000</pubDate>
				<category><![CDATA[Uncategorized]]></category>
		<guid isPermaLink="false">./../index.html?p=1</guid>

					<description><![CDATA[Welcome to WordPress. This is your first post. Edit or delete it, then start writing!]]></description>
										<content:encoded><![CDATA[
<p>Welcome to WordPress. This is your first post. Edit or delete it, then start writing!</p>
]]></content:encoded>
					
					<wfw:commentRss>./../2024/10/04/hello-world/feed/index.html</wfw:commentRss>
			<slash:comments>1</slash:comments>
		
		
			</item>
	</channel>
</rss>
